index,hourly_demand
2022-10-09 17:00:00,65613.54399997
2022-10-09 18:00:00,71818.44299997999
2022-10-09 19:00:00,72486.26199997
2022-10-09 20:00:00,71552.25099998999
2022-10-09 21:00:00,70319.59699998
2022-10-09 22:00:00,67752.67799998
2022-10-09 23:00:00,64436.83899998
2022-10-10 00:00:00,61522.69399999
2022-10-10 01:00:00,59120.73299999
2022-10-10 02:00:00,57749.45799998
2022-10-10 03:00:00,57250.22399997999
2022-10-10 04:00:00,57621.55299997
2022-10-10 05:00:00,58688.67199999
2022-10-10 06:00:00,60801.78999998
2022-10-10 07:00:00,64337.72199999
2022-10-10 08:00:00,67801.69199999
2022-10-10 09:00:00,68886.439
2022-10-10 10:00:00,69874.43899998
2022-10-10 11:00:00,69956.50199999
2022-10-10 12:00:00,68441.96299998999
2022-10-10 13:00:00,71076.60799997
2022-10-10 14:00:00,74014.53599998
2022-10-10 15:00:00,75931.62999998001
2022-10-10 16:00:00,77267.66599999
2022-10-10 17:00:00,76855.52499997
2022-10-10 18:00:00,80126.88199999
2022-10-10 19:00:00,81108.30199996999
2022-10-10 20:00:00,80086.69199998
2022-10-10 21:00:00,79235.97499999
2022-10-10 22:00:00,75999.95899998
2022-10-10 23:00:00,71447.80399997
2022-10-11 00:00:00,66882.01999997
2022-10-11 01:00:00,64049.66299999
2022-10-11 02:00:00,61911.98899999
2022-10-11 03:00:00,61092.24799999
2022-10-11 04:00:00,61261.02199999
2022-10-11 05:00:00,61864.60399999
2022-10-11 06:00:00,63296.574999970006
2022-10-11 07:00:00,66833.75999997999
2022-10-11 08:00:00,70135.301
2022-10-11 09:00:00,71269.76299999
2022-10-11 10:00:00,72247.76299998
2022-10-11 11:00:00,72351.927
2022-10-11 12:00:00,70896.58199996999
2022-10-11 13:00:00,73890.04899998
2022-10-11 14:00:00,76839.88199998
2022-10-11 15:00:00,78749.35799997
2022-10-11 16:00:00,80055.70799997999
2022-10-11 17:00:00,78659.65899997999
2022-10-11 18:00:00,81481.53199998
2022-10-11 19:00:00,82106.32899998
2022-10-11 20:00:00,80331.64399997
2022-10-11 21:00:00,79265.13399999001
2022-10-11 22:00:00,76459.90199999
2022-10-11 23:00:00,72467.75799998999
2022-10-12 00:00:00,68101.094
2022-10-12 01:00:00,64830.36599997
2022-10-12 02:00:00,62439.77499998
2022-10-12 03:00:00,61067.33699998
2022-10-12 04:00:00,60456.68499998
2022-10-12 05:00:00,58780.48699998001
2022-10-12 06:00:00,56421.726999980005
2022-10-12 07:00:00,56676.589
2022-10-12 08:00:00,57407.92499999
2022-10-12 09:00:00,57572.88
2022-10-12 10:00:00,58185.39299996
2022-10-12 11:00:00,58820.85899997
2022-10-12 12:00:00,58870.15499997001
2022-10-12 13:00:00,59325.49299998
2022-10-12 14:00:00,60274.704999990005
2022-10-12 15:00:00,61894.736
2022-10-12 16:00:00,64412.36199998
2022-10-12 17:00:00,67747.79399997
2022-10-12 18:00:00,74385.92099998
2022-10-12 19:00:00,76422.09999998
2022-10-12 20:00:00,75295.229
2022-10-12 21:00:00,74011.31599999001
2022-10-12 22:00:00,71539.83999998
2022-10-12 23:00:00,67895.017
2022-10-13 00:00:00,64616.12799997
2022-10-13 01:00:00,61634.89899999
2022-10-13 02:00:00,60031.65899998
2022-10-13 03:00:00,59332.02599999
2022-10-13 04:00:00,59556.63299999
2022-10-13 05:00:00,60288.06299997
2022-10-13 06:00:00,61642.356
2022-10-13 07:00:00,65587.96899998
2022-10-13 08:00:00,68689.19099999999
2022-10-13 09:00:00,69420.26599998001
2022-10-13 10:00:00,70368.09699997
2022-10-13 11:00:00,70428.24199997
2022-10-13 12:00:00,68823.596
2022-10-13 13:00:00,72212.13699996
2022-10-13 14:00:00,75762.84899998
2022-10-13 15:00:00,78124.26799999
2022-10-13 16:00:00,79912.52599998
2022-10-13 17:00:00,78719.28399997999
2022-10-13 18:00:00,81658.83999998
2022-10-13 19:00:00,82657.45
2022-10-13 20:00:00,81371.91299998
2022-10-13 21:00:00,80639.84199998
2022-10-13 22:00:00,77658.20099999
2022-10-13 23:00:00,72928.21199999
2022-10-14 00:00:00,68821.08299998
2022-10-14 01:00:00,65680.76199998
2022-10-14 02:00:00,63665.639999980005
2022-10-14 03:00:00,62794.42299998
2022-10-14 04:00:00,62713.60799999
2022-10-14 05:00:00,62854.69599998
2022-10-14 06:00:00,64029.48999998
2022-10-14 07:00:00,67179.55599998
2022-10-14 08:00:00,70234.45299999001
2022-10-14 09:00:00,71094.375
2022-10-14 10:00:00,72126.35199999
2022-10-14 11:00:00,71790.12899999
2022-10-14 12:00:00,70126.76599999
2022-10-14 13:00:00,72895.88399999
2022-10-14 14:00:00,75843.65299998
2022-10-14 15:00:00,77701.89399998
2022-10-14 16:00:00,78608.86499999
2022-10-14 17:00:00,77969.20099997999
2022-10-14 18:00:00,80890.42399998
2022-10-14 19:00:00,81803.75399997001
2022-10-14 20:00:00,79782.75399997999
2022-10-14 21:00:00,79163.72799998999
2022-10-14 22:00:00,77646.05799999001
2022-10-14 23:00:00,72845.88599997
2022-10-15 00:00:00,68740.80499998
2022-10-15 01:00:00,65587.55699998
2022-10-15 02:00:00,63486.12499998
2022-10-15 03:00:00,62282.24299998
2022-10-15 04:00:00,61771.10999999
2022-10-15 05:00:00,60468.69699997
2022-10-15 06:00:00,58616.51599999
2022-10-15 07:00:00,59347.68399998
2022-10-15 08:00:00,60568.08999999
2022-10-15 09:00:00,60949.93999997
2022-10-15 10:00:00,61117.937000000005
2022-10-15 11:00:00,61212.60199997
2022-10-15 12:00:00,61044.49999997
2022-10-15 13:00:00,61867.30299997
2022-10-15 14:00:00,63211.25899999
2022-10-15 15:00:00,65014.95499996
2022-10-15 16:00:00,67424.54499999
2022-10-15 17:00:00,71007.78599998
2022-10-15 18:00:00,76943.73299997
2022-10-15 19:00:00,77528.94599998
2022-10-15 20:00:00,75141.84799997999
2022-10-15 21:00:00,72760.25399997
2022-10-15 22:00:00,69846.33899999999
2022-10-15 23:00:00,67029.12999995999
2022-10-16 00:00:00,63675.4
2022-10-16 01:00:00,60645.86199997
2022-10-16 02:00:00,58606.94299997001
2022-10-16 03:00:00,57276.09599998
2022-10-16 04:00:00,56522.50499999
2022-10-16 05:00:00,54650.804
2022-10-16 06:00:00,51956.405
2022-10-16 07:00:00,51366.01899998
2022-10-16 08:00:00,50984.31099998
2022-10-16 09:00:00,50903.22699997
2022-10-16 10:00:00,51306.48599998
2022-10-16 11:00:00,52209.64099997
2022-10-16 12:00:00,52417.26799999
2022-10-16 13:00:00,52800.939999990005
2022-10-16 14:00:00,54061.84499998
2022-10-16 15:00:00,56741.07299999001
2022-10-16 16:00:00,60781.45099999
2022-10-16 17:00:00,65805.32099998
2022-10-16 18:00:00,72914.07899998
2022-10-16 19:00:00,75017.20799998
2022-10-16 20:00:00,73451.28399997999
2022-10-16 21:00:00,72131.45899999
2022-10-16 22:00:00,70880.13599999
2022-10-16 23:00:00,67084.46499999
2022-10-17 00:00:00,63941.70899998
2022-10-17 01:00:00,61259.54099999
2022-10-17 02:00:00,59696.088
2022-10-17 03:00:00,58650.65899997
2022-10-17 04:00:00,58818.22199999
2022-10-17 05:00:00,59415.31099998
2022-10-17 06:00:00,61172.97699999
2022-10-17 07:00:00,64115.48199998
2022-10-17 08:00:00,67638.48999998
2022-10-17 09:00:00,68773.57099998
2022-10-17 10:00:00,69705.22199997999
2022-10-17 11:00:00,69963.88999997999
2022-10-17 12:00:00,68125.45999998
2022-10-17 13:00:00,71043.33999998
2022-10-17 14:00:00,74608.65699999
2022-10-17 15:00:00,76925.88599999
2022-10-17 16:00:00,78728.62299999
2022-10-17 17:00:00,77640.76399998
2022-10-17 18:00:00,80223.93099997
2022-10-17 19:00:00,81888.71199997999
2022-10-17 20:00:00,80771.79799999
2022-10-17 21:00:00,80375.77699998999
2022-10-17 22:00:00,77484.79599998
2022-10-17 23:00:00,72938.53999998
2022-10-18 00:00:00,68587.00599999
2022-10-18 01:00:00,65609.46299998001
2022-10-18 02:00:00,63530.07999997
2022-10-18 03:00:00,62539.58799999
2022-10-18 04:00:00,62465.77699999
2022-10-18 05:00:00,63090.941
2022-10-18 06:00:00,64433.33499997
2022-10-18 07:00:00,67693.21799998
2022-10-18 08:00:00,70913.27699999
2022-10-18 09:00:00,72022.48199998
2022-10-18 10:00:00,73096.42599997
2022-10-18 11:00:00,73303.224
2022-10-18 12:00:00,71518.57899999
2022-10-18 13:00:00,74339.68599998
2022-10-18 14:00:00,77584.51999999
2022-10-18 15:00:00,79211.449
2022-10-18 16:00:00,80386.79199999
2022-10-18 17:00:00,79154.01699999001
2022-10-18 18:00:00,81499.491
2022-10-18 19:00:00,82739.356
2022-10-18 20:00:00,81841.54599998
2022-10-18 21:00:00,81486.00599999001
2022-10-18 22:00:00,78492.39799997001
2022-10-18 23:00:00,73927.98399999
2022-10-19 00:00:00,69619.94699998
2022-10-19 01:00:00,66530.62999998
2022-10-19 02:00:00,64666.83999998
2022-10-19 03:00:00,63700.20099997
2022-10-19 04:00:00,63655.63299998
2022-10-19 05:00:00,64348.99399998
2022-10-19 06:00:00,65817.64299998
2022-10-19 07:00:00,68799.72099997
2022-10-19 08:00:00,71545.50399999
2022-10-19 09:00:00,71980.98099998
2022-10-19 10:00:00,72673.05099999
2022-10-19 11:00:00,72627.68999997
2022-10-19 12:00:00,70604.64699998
2022-10-19 13:00:00,73291.64599999
2022-10-19 14:00:00,76526.18099999
2022-10-19 15:00:00,78638.28899999
2022-10-19 16:00:00,79971.44999999
2022-10-19 17:00:00,78871.08399998999
2022-10-19 18:00:00,81516.369
2022-10-19 19:00:00,83365.84299998
2022-10-19 20:00:00,82241.46899996999
2022-10-19 21:00:00,81457.17399999
2022-10-19 22:00:00,78373.143
2022-10-19 23:00:00,73782.70599998
2022-10-20 00:00:00,70494.81199998001
2022-10-20 01:00:00,66843.79699998
2022-10-20 02:00:00,64660.143999980006
2022-10-20 03:00:00,63508.48699998
2022-10-20 04:00:00,63544.49899999
2022-10-20 05:00:00,63707.08799998
2022-10-20 06:00:00,65110.01999999
2022-10-20 07:00:00,68023.08599999
2022-10-20 08:00:00,71030.24499999
2022-10-20 09:00:00,72557.37999999
2022-10-20 10:00:00,73743.19199999
2022-10-20 11:00:00,74097.65999999
2022-10-20 12:00:00,72481.39199998
2022-10-20 13:00:00,75897.90399999001
2022-10-20 14:00:00,79245.526
2022-10-20 15:00:00,81229.67099998
2022-10-20 16:00:00,82275.27799999
2022-10-20 17:00:00,80265.71399998
2022-10-20 18:00:00,82595.97999999
2022-10-20 19:00:00,83644.29699998
2022-10-20 20:00:00,82559.326
2022-10-20 21:00:00,82233.3
2022-10-20 22:00:00,79432.97499999
2022-10-20 23:00:00,74895.68699997
2022-10-21 00:00:00,70580.13099999001
2022-10-21 01:00:00,67454.85199999
2022-10-21 02:00:00,65483.204999990005
2022-10-21 03:00:00,64476.468
2022-10-21 04:00:00,64376.622
2022-10-21 05:00:00,64925.45599999001
2022-10-21 06:00:00,66213.42799998
2022-10-21 07:00:00,69812.61699999
2022-10-21 08:00:00,73172.94399997
2022-10-21 09:00:00,74251.92699996999
2022-10-21 10:00:00,75152.83699998
2022-10-21 11:00:00,74766.43599998999
2022-10-21 12:00:00,72481.97399997
2022-10-21 13:00:00,75147.46699998999
2022-10-21 14:00:00,78206.94399997
2022-10-21 15:00:00,79704.602
2022-10-21 16:00:00,80060.651
2022-10-21 17:00:00,78701.40499996
2022-10-21 18:00:00,81423.96699998
2022-10-21 19:00:00,82949.51599998999
2022-10-21 20:00:00,81445.38699998999
2022-10-21 21:00:00,80490.97199999
2022-10-21 22:00:00,77758.50299997
2022-10-21 23:00:00,74233.81399997999
2022-10-22 00:00:00,70215.38299998001
2022-10-22 01:00:00,67105.05599999
2022-10-22 02:00:00,64988.31499998
2022-10-22 03:00:00,63852.21599999
2022-10-22 04:00:00,63404.95199998
2022-10-22 05:00:00,62013.552999980006
2022-10-22 06:00:00,60802.99099999
2022-10-22 07:00:00,61565.94799998
2022-10-22 08:00:00,62906.50599998
2022-10-22 09:00:00,63164.68699999
2022-10-22 10:00:00,63441.74499997
2022-10-22 11:00:00,63597.85599997
2022-10-22 12:00:00,63044.93199999
2022-10-22 13:00:00,63536.141
2022-10-22 14:00:00,64562.49199998
2022-10-22 15:00:00,66114.24599999
2022-10-22 16:00:00,68223.42999998
2022-10-22 17:00:00,71623.55399998001
2022-10-22 18:00:00,77423.07299998001
2022-10-22 19:00:00,78830.19599999
2022-10-22 20:00:00,76310.163
2022-10-22 21:00:00,73761.39399999
2022-10-22 22:00:00,70558.83399997
2022-10-22 23:00:00,67530.73699998
2022-10-23 00:00:00,64399.38999998
2022-10-23 01:00:00,61786.63999999
2022-10-23 02:00:00,59787.50399997
2022-10-23 03:00:00,58256.57699998
2022-10-23 04:00:00,57462.95199998999
2022-10-23 05:00:00,55425.99199999
2022-10-23 06:00:00,52960.76099998
2022-10-23 07:00:00,52305.50099998
2022-10-23 08:00:00,51972.27899999
2022-10-23 09:00:00,52140.35999999
2022-10-23 10:00:00,52537.05799999
2022-10-23 11:00:00,53694.55599998
2022-10-23 12:00:00,53775.48899997999
2022-10-23 13:00:00,54023.80699997
2022-10-23 14:00:00,55346.179999980006
2022-10-23 15:00:00,57163.82599997
2022-10-23 16:00:00,60445.51299997
2022-10-23 17:00:00,65389.434
2022-10-23 18:00:00,71539.12699991
2022-10-23 19:00:00,73920.80900926
2022-10-23 20:00:00,73022.9770139
2022-10-23 21:00:00,71731.23801439001
2022-10-23 22:00:00,69542.71899803
2022-10-23 23:00:00,66491.33200059
2022-10-24 00:00:00,63217.60799999999
2022-10-24 01:00:00,60890.94299999
2022-10-24 02:00:00,59413.58699998
2022-10-24 03:00:00,58817.152
2022-10-24 04:00:00,58786.19599998
2022-10-24 05:00:00,59449.95599998
2022-10-24 06:00:00,61361.46099998
2022-10-24 07:00:00,64208.84199998
2022-10-24 08:00:00,67274.899
2022-10-24 09:00:00,68512.45499998
2022-10-24 10:00:00,69773.73399998
2022-10-24 11:00:00,70219.24499998
2022-10-24 12:00:00,68691.67699998
2022-10-24 13:00:00,71273.27299999
2022-10-24 14:00:00,74583.88999998
2022-10-24 15:00:00,76972.85599998
2022-10-24 16:00:00,78452.53899998
2022-10-24 17:00:00,77210.75299999
2022-10-24 18:00:00,79032.08799997
2022-10-24 19:00:00,81255.64499996998
2022-10-24 20:00:00,80156.80599999
2022-10-24 21:00:00,79411.40299999
2022-10-24 22:00:00,75930.77299999
2022-10-24 23:00:00,71500.72999998
2022-10-25 00:00:00,67419.95099999
2022-10-25 01:00:00,64358.121999990006
2022-10-25 02:00:00,62509.98
2022-10-25 03:00:00,61592.85699998
2022-10-25 04:00:00,61708.559
2022-10-25 05:00:00,62052.45899998
2022-10-25 06:00:00,63519.90299998
2022-10-25 07:00:00,65625.82399998
2022-10-25 08:00:00,67941.36599998
2022-10-25 09:00:00,68510.807
2022-10-25 10:00:00,69833.01899998
2022-10-25 11:00:00,70249.88899996999
2022-10-25 12:00:00,68567.14299999
2022-10-25 13:00:00,71480.524
2022-10-25 14:00:00,74715.01699999
2022-10-25 15:00:00,77095.40899999
2022-10-25 16:00:00,78740.75599997
2022-10-25 17:00:00,77618.00599999
2022-10-25 18:00:00,79481.88599998
2022-10-25 19:00:00,81909.91399998001
2022-10-25 20:00:00,80515.31299997
2022-10-25 21:00:00,79911.42499997
2022-10-25 22:00:00,76670.96799999
2022-10-25 23:00:00,71875.44599999
2022-10-26 00:00:00,67611.60699998
2022-10-26 01:00:00,64644.79399997
2022-10-26 02:00:00,62847.13199999
2022-10-26 03:00:00,61936.776999990005
2022-10-26 04:00:00,61935.942999980005
2022-10-26 05:00:00,61979.38599998
2022-10-26 06:00:00,63457.27799996
2022-10-26 07:00:00,65572.81199998
2022-10-26 08:00:00,68353.98099998
2022-10-26 09:00:00,69158.80199996001
2022-10-26 10:00:00,70458.50699999
2022-10-26 11:00:00,71011.14499998999
2022-10-26 12:00:00,69615.25499998001
2022-10-26 13:00:00,73287.85999999
2022-10-26 14:00:00,77096.72199999
2022-10-26 15:00:00,79713.07099997999
2022-10-26 16:00:00,81241.01899997999
2022-10-26 17:00:00,79579.15299998
2022-10-26 18:00:00,81540.05599998
2022-10-26 19:00:00,83427.06299999001
2022-10-26 20:00:00,82320.22799998999
2022-10-26 21:00:00,81645.00199998
2022-10-26 22:00:00,78839.67199998
2022-10-26 23:00:00,74104.01599999
2022-10-27 00:00:00,69521.42499998001
2022-10-27 01:00:00,66417.12799997
2022-10-27 02:00:00,64409.56399997
2022-10-27 03:00:00,63351.13299998
2022-10-27 04:00:00,63350.66
2022-10-27 05:00:00,63200.901999990005
2022-10-27 06:00:00,64550.9
2022-10-27 07:00:00,67632.03699997
2022-10-27 08:00:00,70982.17399996
2022-10-27 09:00:00,72507.639
2022-10-27 10:00:00,74019.78999997
2022-10-27 11:00:00,74568.39099998999
2022-10-27 12:00:00,72896.46399999
2022-10-27 13:00:00,76282.91599999
2022-10-27 14:00:00,80042.85499996999
2022-10-27 15:00:00,82608.83099998
2022-10-27 16:00:00,83595.88099998001
2022-10-27 17:00:00,80956.14199999001
2022-10-27 18:00:00,82605.33499997
2022-10-27 19:00:00,83901.634
2022-10-27 20:00:00,82707.00799998
2022-10-27 21:00:00,81893.91299999
2022-10-27 22:00:00,79389.70599999999
2022-10-27 23:00:00,75091.71899999
2022-10-28 00:00:00,70784.20999998
2022-10-28 01:00:00,67471.21299998
2022-10-28 02:00:00,65436.04399999
2022-10-28 03:00:00,64218.56599997
2022-10-28 04:00:00,64185.86999998
2022-10-28 05:00:00,63647.58799999
2022-10-28 06:00:00,64311.948
2022-10-28 07:00:00,67086.05399998999
2022-10-28 08:00:00,70513.88899998
2022-10-28 09:00:00,71775.816
2022-10-28 10:00:00,73292.68299999
2022-10-28 11:00:00,73467.92699997
2022-10-28 12:00:00,72161.85999997001
2022-10-28 13:00:00,75606.51799999
2022-10-28 14:00:00,79470.78499997
2022-10-28 15:00:00,81705.806
2022-10-28 16:00:00,81989.99099996
2022-10-28 17:00:00,80649.61899999
2022-10-28 18:00:00,82220.82899998
2022-10-28 19:00:00,83813.30399997
2022-10-28 20:00:00,82254.77699998001
2022-10-28 21:00:00,81591.54199997999
2022-10-28 22:00:00,79442.99099998
2022-10-28 23:00:00,76504.48999997
2022-10-29 00:00:00,72821.697
2022-10-29 01:00:00,69375.89
2022-10-29 02:00:00,66913.19099998
2022-10-29 03:00:00,65285.62099997
2022-10-29 04:00:00,64613.26899997
2022-10-29 05:00:00,62636.72399997
2022-10-29 06:00:00,61300.982
2022-10-29 07:00:00,62377.03099998
2022-10-29 08:00:00,64305.65599997
2022-10-29 09:00:00,65322.27799998
2022-10-29 10:00:00,65864.24799997
2022-10-29 11:00:00,66481.71099998
2022-10-29 12:00:00,66281.89999998
2022-10-29 13:00:00,66989.58999999
2022-10-29 14:00:00,68374.28399998
2022-10-29 15:00:00,70033.25899999001
2022-10-29 16:00:00,71932.50399999
2022-10-29 17:00:00,74245.52199998
2022-10-29 18:00:00,78883.90599999
2022-10-29 19:00:00,79845.00599997999
2022-10-29 20:00:00,77855.753
2022-10-29 21:00:00,75583.24299997
2022-10-29 22:00:00,73009.361
2022-10-29 23:00:00,70238.86299998
2022-10-30 00:00:00,67217.389
2022-10-30 01:00:00,64781.35799997
2022-10-30 02:00:00,62855.13599999
2022-10-30 03:00:00,61503.04199998
2022-10-30 04:00:00,60506.93599997
2022-10-30 05:00:00,58208.85499998
2022-10-30 06:00:00,56161.22999998
2022-10-30 07:00:00,56106.02999998
2022-10-30 08:00:00,55542.40899998
2022-10-30 09:00:00,55102.99799999999
2022-10-30 10:00:00,55169.52699999
2022-10-30 11:00:00,56049.06899999
2022-10-30 12:00:00,56673.558000000005
2022-10-30 13:00:00,57785.026999990005
2022-10-30 14:00:00,59343.56899998
2022-10-30 15:00:00,61696.148999970006
2022-10-30 16:00:00,64754.09099998
2022-10-30 17:00:00,68949.42899998001
2022-10-30 18:00:00,74547.65799999
2022-10-30 19:00:00,76439.50899997
2022-10-30 20:00:00,76490.28099999
2022-10-30 21:00:00,76969.51999998
2022-10-30 22:00:00,75819.99799999
2022-10-30 23:00:00,72614.13199999
2022-10-31 00:00:00,69209.17399999
2022-10-31 01:00:00,66581.16899999001
2022-10-31 02:00:00,64814.237999970006
2022-10-31 03:00:00,63829.04499999
2022-10-31 04:00:00,63699.06099997999
2022-10-31 05:00:00,63682.20899998999
2022-10-31 06:00:00,65003.07899999
2022-10-31 07:00:00,68915.306
2022-10-31 08:00:00,73360.04699998
2022-10-31 09:00:00,75229.96099999
2022-10-31 10:00:00,76513.618
2022-10-31 11:00:00,76169.69699997999
2022-10-31 12:00:00,73688.58799999
2022-10-31 13:00:00,76110.89799997
2022-10-31 14:00:00,78865.71499999
2022-10-31 15:00:00,80011.53699998
2022-10-31 16:00:00,80601.65599998
2022-10-31 17:00:00,78769.00599999
2022-10-31 18:00:00,80662.70799997999
2022-10-31 19:00:00,82368.29299998
2022-10-31 20:00:00,81501.39299999
2022-10-31 21:00:00,80853.87699999001
2022-10-31 22:00:00,77640.31199999001
2022-10-31 23:00:00,73029.33199998
2022-11-01 00:00:00,68917.17499998
2022-11-01 01:00:00,65984.70799998
2022-11-01 02:00:00,64234.65099998
2022-11-01 03:00:00,63222.615000000005
2022-11-01 04:00:00,63087.23599998
2022-11-01 05:00:00,63244.17299998
2022-11-01 06:00:00,64539.51899997
2022-11-01 07:00:00,67225.59499997
2022-11-01 08:00:00,69968.89799997999
2022-11-01 09:00:00,70690.05999998
2022-11-01 10:00:00,71329.76899997001
2022-11-01 11:00:00,70690.512
2022-11-01 12:00:00,68728.47999999
2022-11-01 13:00:00,70827.51499998
2022-11-01 14:00:00,73154.57899998
2022-11-01 15:00:00,74376.71799999
2022-11-01 16:00:00,75457.27399997
2022-11-01 17:00:00,74901.03599998
2022-11-01 18:00:00,77895.87099997001
2022-11-01 19:00:00,79870.18799999001
2022-11-01 20:00:00,77962.77299997
2022-11-01 21:00:00,76565.85399997
2022-11-01 22:00:00,73306.49099999
2022-11-01 23:00:00,68766.44599998
2022-11-02 00:00:00,64967.10099998
2022-11-02 01:00:00,61634.72499997
2022-11-02 02:00:00,59691.28999998001
2022-11-02 03:00:00,58539.20999997
2022-11-02 04:00:00,57953.24399999
2022-11-02 05:00:00,56316.20099998001
2022-11-02 06:00:00,54304.98899999
2022-11-02 07:00:00,53855.52399998
2022-11-02 08:00:00,53622.95899997
2022-11-02 09:00:00,53687.38999999
2022-11-02 10:00:00,54092.00399998
2022-11-02 11:00:00,54936.46699998
2022-11-02 12:00:00,55726.89499998999
2022-11-02 13:00:00,56275.52499998
2022-11-02 14:00:00,57483.56899999
2022-11-02 15:00:00,59220.066
2022-11-02 16:00:00,61482.39099999
2022-11-02 17:00:00,65293.800999980005
2022-11-02 18:00:00,71269.45899998001
2022-11-02 19:00:00,73991.87599998
2022-11-02 20:00:00,72585.35399997
2022-11-02 21:00:00,70164.83999999
2022-11-02 22:00:00,66975.72499998
2022-11-02 23:00:00,62988.22799998
2022-11-03 00:00:00,59764.87199999
2022-11-03 01:00:00,57578.24999997
2022-11-03 02:00:00,56226.52999999001
2022-11-03 03:00:00,55544.655
2022-11-03 04:00:00,55676.38899999
2022-11-03 05:00:00,56168.29199999
2022-11-03 06:00:00,58082.18799998
2022-11-03 07:00:00,61055.32699998001
2022-11-03 08:00:00,63200.25899999
2022-11-03 09:00:00,63640.35499998
2022-11-03 10:00:00,64692.51999999001
2022-11-03 11:00:00,64796.83899998
2022-11-03 12:00:00,63098.017999970005
2022-11-03 13:00:00,65235.61999998
2022-11-03 14:00:00,67998.459
2022-11-03 15:00:00,70089.00699999
2022-11-03 16:00:00,71953.40599998
2022-11-03 17:00:00,72257.75999999
2022-11-03 18:00:00,75697.45399998
2022-11-03 19:00:00,78790.90299999
2022-11-03 20:00:00,77255.10799999
2022-11-03 21:00:00,75525.206
2022-11-03 22:00:00,71692.48699998
2022-11-03 23:00:00,66519.13299998001
2022-11-04 00:00:00,62957.88099998
2022-11-04 01:00:00,60570.75399998
2022-11-04 02:00:00,58666.09199998
2022-11-04 03:00:00,57784.77099997
2022-11-04 04:00:00,58076.60099999
2022-11-04 05:00:00,58191.262
2022-11-04 06:00:00,60100.96399997
2022-11-04 07:00:00,62251.53899998
2022-11-04 08:00:00,64081.049
2022-11-04 09:00:00,64424.89599996
2022-11-04 10:00:00,64796.09199997
2022-11-04 11:00:00,65129.65899999
2022-11-04 12:00:00,63447.82799999
2022-11-04 13:00:00,65143.00199999
2022-11-04 14:00:00,67476.89599997
2022-11-04 15:00:00,69063.24199999
2022-11-04 16:00:00,70620.08499997
2022-11-04 17:00:00,72130.07899998
2022-11-04 18:00:00,75772.84700000001
2022-11-04 19:00:00,78926.88099998
2022-11-04 20:00:00,76986.20199998
2022-11-04 21:00:00,75250.93599999
2022-11-04 22:00:00,71905.35899997
2022-11-04 23:00:00,67651.23799998
2022-11-05 00:00:00,63834.49499997
2022-11-05 01:00:00,60927.657999990006
2022-11-05 02:00:00,58726.194
2022-11-05 03:00:00,57744.381999970006
2022-11-05 04:00:00,57471.217
2022-11-05 05:00:00,55563.97299998
2022-11-05 06:00:00,54522.49199998
2022-11-05 07:00:00,54910.06699997
2022-11-05 08:00:00,55520.423999980005
2022-11-05 09:00:00,55531.764
2022-11-05 10:00:00,55897.59999999
2022-11-05 11:00:00,56590.387
2022-11-05 12:00:00,56562.21
2022-11-05 13:00:00,57227.08399999
2022-11-05 14:00:00,58342.21899999
2022-11-05 15:00:00,60242.20199997
2022-11-05 16:00:00,63440.05899998
2022-11-05 17:00:00,67681.15099998
2022-11-05 18:00:00,73607.33099998
2022-11-05 19:00:00,76192.95099998999
2022-11-05 20:00:00,73560.59399999
2022-11-05 21:00:00,70249.92699996999
2022-11-05 22:00:00,66714.21699999
2022-11-05 23:00:00,63567.03099998
2022-11-06 00:00:00,60441.69599999
2022-11-06 01:00:00,57875.98599997
2022-11-06 02:00:00,56111.05399998999
2022-11-06 03:00:00,54674.77899999
2022-11-06 04:00:00,54030.72599999
2022-11-06 05:00:00,51439.79899999
2022-11-06 06:00:00,49441.89599999
2022-11-06 07:00:00,48095.84299999
2022-11-06 08:00:00,47357.94599999
2022-11-06 09:00:00,47478.92599999
2022-11-06 10:00:00,48650.05199999
2022-11-06 11:00:00,50098.76599998
2022-11-06 12:00:00,50514.776999990005
2022-11-06 13:00:00,50847.53499998
2022-11-06 14:00:00,51680.527
2022-11-06 15:00:00,53852.21399999
2022-11-06 16:00:00,57399.02099998
2022-11-06 17:00:00,63051.20599997
2022-11-06 18:00:00,69248.43099998
2022-11-06 19:00:00,72103.96699997
2022-11-06 20:00:00,70951.72099999
2022-11-06 21:00:00,69158.18799998
2022-11-06 22:00:00,66540.64499998999
2022-11-06 23:00:00,62725.94999997
2022-11-07 00:00:00,59650.34199998
2022-11-07 01:00:00,57464.37299997
2022-11-07 02:00:00,56259.208000000006
2022-11-07 03:00:00,55609.09199998
2022-11-07 04:00:00,55947.89899998
2022-11-07 05:00:00,56455.95399999
2022-11-07 06:00:00,59021.15299999
2022-11-07 07:00:00,61365.52199997
2022-11-07 08:00:00,63618.364
2022-11-07 09:00:00,64297.32699998
2022-11-07 10:00:00,65502.587999990006
2022-11-07 11:00:00,65980.80399999
2022-11-07 12:00:00,64424.65699998
2022-11-07 13:00:00,66777.967
2022-11-07 14:00:00,69845.36599999
2022-11-07 15:00:00,72033.20700000001
2022-11-07 16:00:00,74167.08599998
2022-11-07 17:00:00,74257.98999999
2022-11-07 18:00:00,76763.77299999
2022-11-07 19:00:00,80148.29099999001
2022-11-07 20:00:00,79178.71199997999
2022-11-07 21:00:00,77717.66999998
2022-11-07 22:00:00,74056.04099999
2022-11-07 23:00:00,69093.83099998001
2022-11-08 00:00:00,64715.75399998001
2022-11-08 01:00:00,61734.933000000005
2022-11-08 02:00:00,59967.10999999
2022-11-08 03:00:00,59172.47999998
2022-11-08 04:00:00,59353.38199996999
2022-11-08 05:00:00,59614.06299999
2022-11-08 06:00:00,61469.99
2022-11-08 07:00:00,63711.687
2022-11-08 08:00:00,65821.996
2022-11-08 09:00:00,66199.08399996
2022-11-08 10:00:00,67064.37799996999
2022-11-08 11:00:00,67631.41199998
2022-11-08 12:00:00,66215.02999997001
2022-11-08 13:00:00,68988.99199996999
2022-11-08 14:00:00,71846.41799999001
2022-11-08 15:00:00,73928.38299998
2022-11-08 16:00:00,75915.50399999
2022-11-08 17:00:00,75596.63299999
2022-11-08 18:00:00,77882.88699999
2022-11-08 19:00:00,80884.08999998998
2022-11-08 20:00:00,79666.50399997001
2022-11-08 21:00:00,78563.93599998999
2022-11-08 22:00:00,74983.85399998
2022-11-08 23:00:00,69718.51499997
2022-11-09 00:00:00,65746.31199999
2022-11-09 01:00:00,63017.77699998
2022-11-09 02:00:00,61256.69099998
2022-11-09 03:00:00,60252.28099998
2022-11-09 04:00:00,60349.90299999
2022-11-09 05:00:00,60424.27899997
2022-11-09 06:00:00,62433.93199999
2022-11-09 07:00:00,64412.27399998
2022-11-09 08:00:00,66205.73499999
2022-11-09 09:00:00,67420.39899999
2022-11-09 10:00:00,68369.226
2022-11-09 11:00:00,69009.51899998999
2022-11-09 12:00:00,67407.91799999
2022-11-09 13:00:00,70261.77999999
2022-11-09 14:00:00,73703.88299997
2022-11-09 15:00:00,75881.935
2022-11-09 16:00:00,77961.99799998
2022-11-09 17:00:00,77331.82899997
2022-11-09 18:00:00,79742.69199996999
2022-11-09 19:00:00,82330.39399997001
2022-11-09 20:00:00,81377.18199999002
2022-11-09 21:00:00,80684.90699999999
2022-11-09 22:00:00,77354.12899999
2022-11-09 23:00:00,72390.844
2022-11-10 00:00:00,67766.48999999999
2022-11-10 01:00:00,64321.17099998
2022-11-10 02:00:00,62353.61899997
2022-11-10 03:00:00,61328.962999990006
2022-11-10 04:00:00,61269.208
2022-11-10 05:00:00,61117.42099998
2022-11-10 06:00:00,63004.80899998
2022-11-10 07:00:00,65233.24799999
2022-11-10 08:00:00,67492.83999998
2022-11-10 09:00:00,68543.35999997
2022-11-10 10:00:00,70184.20699998
2022-11-10 11:00:00,71038.18199999
2022-11-10 12:00:00,69696.02100000001
2022-11-10 13:00:00,72930.16500000001
2022-11-10 14:00:00,76356.106
2022-11-10 15:00:00,78916.53299999
2022-11-10 16:00:00,80629.31899999
2022-11-10 17:00:00,79011.611
2022-11-10 18:00:00,80723.19399998
2022-11-10 19:00:00,83317.06499998001
2022-11-10 20:00:00,82048.14199998
2022-11-10 21:00:00,81337.59699999
2022-11-10 22:00:00,78573.33999999
2022-11-10 23:00:00,74081.83299999
2022-11-11 00:00:00,69765.02100000001
2022-11-11 01:00:00,66257.60800000001
2022-11-11 02:00:00,64071.07199998
2022-11-11 03:00:00,62791.71999998001
2022-11-11 04:00:00,62811.23099997999
2022-11-11 05:00:00,62719.19899998
2022-11-11 06:00:00,64611.867999990005
2022-11-11 07:00:00,67768.34999997
2022-11-11 08:00:00,71327.69099999001
2022-11-11 09:00:00,72762.58699998
2022-11-11 10:00:00,74138.28299998
2022-11-11 11:00:00,74543.13899998
2022-11-11 12:00:00,72893.60899998
2022-11-11 13:00:00,75456.05299998
2022-11-11 14:00:00,78229.12799999
2022-11-11 15:00:00,78760.515
2022-11-11 16:00:00,78859.44099999
2022-11-11 17:00:00,78260.75099997
2022-11-11 18:00:00,79811.54099998
2022-11-11 19:00:00,81619.07999998001
2022-11-11 20:00:00,80139.202
2022-11-11 21:00:00,78881.019
2022-11-11 22:00:00,76442.37699998
2022-11-11 23:00:00,72533.93499997
2022-11-12 00:00:00,68858.57699999001
2022-11-12 01:00:00,65961.03899997
2022-11-12 02:00:00,63698.84399998
2022-11-12 03:00:00,62411.75399998
2022-11-12 04:00:00,61993.86599999
2022-11-12 05:00:00,60128.44299999
2022-11-12 06:00:00,59197.069999980005
2022-11-12 07:00:00,60378.363000000005
2022-11-12 08:00:00,61596.17699998001
2022-11-12 09:00:00,62402.231999970005
2022-11-12 10:00:00,62850.23999998001
2022-11-12 11:00:00,63078.49799998
2022-11-12 12:00:00,62790.46399999
2022-11-12 13:00:00,63589.36699998
2022-11-12 14:00:00,64987.30999998999
2022-11-12 15:00:00,66185.97699999
2022-11-12 16:00:00,68337.33799998
2022-11-12 17:00:00,71407.16199997999
2022-11-12 18:00:00,76657.80899998
2022-11-12 19:00:00,78988.03499998001
2022-11-12 20:00:00,76638.59199998
2022-11-12 21:00:00,73987.73399997999
2022-11-12 22:00:00,70931.62299999001
2022-11-12 23:00:00,68018.19299998
2022-11-13 00:00:00,64821.20799996
2022-11-13 01:00:00,62388.38699998001
2022-11-13 02:00:00,60281.53499998
2022-11-13 03:00:00,59065.85299997
2022-11-13 04:00:00,57980.01599998
2022-11-13 05:00:00,55085.85199999
2022-11-13 06:00:00,53131.577
2022-11-13 07:00:00,52525.04299996999
2022-11-13 08:00:00,52630.70099997001
2022-11-13 09:00:00,53003.94199998
2022-11-13 10:00:00,54005.49499998
2022-11-13 11:00:00,55177.76399998
2022-11-13 12:00:00,55316.58599998
2022-11-13 13:00:00,55905.36899998
2022-11-13 14:00:00,56912.00499997
2022-11-13 15:00:00,59318.97699999
2022-11-13 16:00:00,62354.43399998
2022-11-13 17:00:00,66370.66299997001
2022-11-13 18:00:00,72089.37599999
2022-11-13 19:00:00,74644.50599998
2022-11-13 20:00:00,73789.21599998
2022-11-13 21:00:00,72748.82799998
2022-11-13 22:00:00,71110.03399997
2022-11-13 23:00:00,68328.12499998
2022-11-14 00:00:00,65312.583999990005
2022-11-14 01:00:00,62916.94399996
2022-11-14 02:00:00,61446.258
2022-11-14 03:00:00,60352.485999970006
2022-11-14 04:00:00,60056.86099999
2022-11-14 05:00:00,59369.69199998
2022-11-14 06:00:00,59985.27699999
2022-11-14 07:00:00,63465.50699999
2022-11-14 08:00:00,66897.80599997
2022-11-14 09:00:00,67916.70899997001
2022-11-14 10:00:00,68202.96399999
2022-11-14 11:00:00,67916.22599999
2022-11-14 12:00:00,66961.46899997
2022-11-14 13:00:00,70094.22299998
2022-11-14 14:00:00,73030.88199997
2022-11-14 15:00:00,75064.06999999
2022-11-14 16:00:00,76725.904
2022-11-14 17:00:00,76387.17399998
2022-11-14 18:00:00,77661.06999995999
2022-11-14 19:00:00,80535.79099997999
2022-11-14 20:00:00,79101.94799998999
2022-11-14 21:00:00,78202.90699999001
2022-11-14 22:00:00,75799.648
2022-11-14 23:00:00,72163.331
2022-11-15 00:00:00,68905.13799999001
2022-11-15 01:00:00,66042.26499996
2022-11-15 02:00:00,63812.89399998
2022-11-15 03:00:00,62646.45199998
2022-11-15 04:00:00,62184.49399997
2022-11-15 05:00:00,60011.25599998001
2022-11-15 06:00:00,58727.14099998
2022-11-15 07:00:00,58806.58499999
2022-11-15 08:00:00,59365.44899999999
2022-11-15 09:00:00,59783.54399998
2022-11-15 10:00:00,60399.01399998
2022-11-15 11:00:00,60870.099
2022-11-15 12:00:00,60800.79600000001
2022-11-15 13:00:00,61974.73199999
2022-11-15 14:00:00,63472.49699999
2022-11-15 15:00:00,65501.54399997
2022-11-15 16:00:00,68026.81799998
2022-11-15 17:00:00,70485.85499999
2022-11-15 18:00:00,75128.867
2022-11-15 19:00:00,79406.17299997
2022-11-15 20:00:00,78636.42299998
2022-11-15 21:00:00,76929.468
2022-11-15 22:00:00,74240.00399998999
2022-11-15 23:00:00,70059.65099999
2022-11-16 00:00:00,66602.214
2022-11-16 01:00:00,63885.50999999
2022-11-16 02:00:00,62119.69299997999
2022-11-16 03:00:00,61238.562000000005
2022-11-16 04:00:00,61130.134000000005
2022-11-16 05:00:00,60822.380000000005
2022-11-16 06:00:00,62777.80399997
2022-11-16 07:00:00,65610.60499997
2022-11-16 08:00:00,68483.68899998
2022-11-16 09:00:00,69534.28599998
2022-11-16 10:00:00,70777.59799996999
2022-11-16 11:00:00,71086.65999998
2022-11-16 12:00:00,69170.05799998
2022-11-16 13:00:00,72206.64499999
2022-11-16 14:00:00,75850.27099998
2022-11-16 15:00:00,78103.02499997
2022-11-16 16:00:00,80088.40399997999
2022-11-16 17:00:00,78631.61799998
2022-11-16 18:00:00,79407.41199998
2022-11-16 19:00:00,82592.57599999
2022-11-16 20:00:00,82036.489
2022-11-16 21:00:00,81244.93299999001
2022-11-16 22:00:00,77903.67099998
2022-11-16 23:00:00,72921.20599998
2022-11-17 00:00:00,68545.96299998001
2022-11-17 01:00:00,65234.842
2022-11-17 02:00:00,63125.00999998
2022-11-17 03:00:00,62116.88599998
2022-11-17 04:00:00,62024.44499998
2022-11-17 05:00:00,61434.48799998
2022-11-17 06:00:00,63218.62599998
2022-11-17 07:00:00,65661.401
2022-11-17 08:00:00,67992.24999996
2022-11-17 09:00:00,68560.47999999
2022-11-17 10:00:00,69823.85899999
2022-11-17 11:00:00,70361.71899998
2022-11-17 12:00:00,68857.061
2022-11-17 13:00:00,72106.97599999
2022-11-17 14:00:00,75861.99999999
2022-11-17 15:00:00,78388.68199998
2022-11-17 16:00:00,80261.85299997
2022-11-17 17:00:00,79089.81299998
2022-11-17 18:00:00,80160.86099998999
2022-11-17 19:00:00,83623.70799999
2022-11-17 20:00:00,82709.37999998
2022-11-17 21:00:00,82131.30899997998
2022-11-17 22:00:00,79103.91899998
2022-11-17 23:00:00,74239.63500000001
2022-11-18 00:00:00,69740.97799998001
2022-11-18 01:00:00,66543.23799998
2022-11-18 02:00:00,64391.00099998
2022-11-18 03:00:00,63176.33299999
2022-11-18 04:00:00,62922.06599998
2022-11-18 05:00:00,62347.97099998999
2022-11-18 06:00:00,63908.81899999
2022-11-18 07:00:00,66058.38199998
2022-11-18 08:00:00,68652.66699998
2022-11-18 09:00:00,69409.03699999
2022-11-18 10:00:00,70544.78599999
2022-11-18 11:00:00,71217.56199998001
2022-11-18 12:00:00,69749.54899998
2022-11-18 13:00:00,72923.464
2022-11-18 14:00:00,76466.55899999
2022-11-18 15:00:00,78474.37999998001
2022-11-18 16:00:00,79363.79099999
2022-11-18 17:00:00,78671.97899999001
2022-11-18 18:00:00,79839.62899997
2022-11-18 19:00:00,82826.32599998
2022-11-18 20:00:00,81511.20799996999
2022-11-18 21:00:00,80492.82999999999
2022-11-18 22:00:00,77749.31599997
2022-11-18 23:00:00,73777.225
2022-11-19 00:00:00,69596.90399999
2022-11-19 01:00:00,66376.82999999
2022-11-19 02:00:00,64007.45099999
2022-11-19 03:00:00,62721.56399998
2022-11-19 04:00:00,62056.05099999
2022-11-19 05:00:00,59935.55699997001
2022-11-19 06:00:00,59218.15199997999
2022-11-19 07:00:00,60122.66499997
2022-11-19 08:00:00,60884.30499998
2022-11-19 09:00:00,61131.94099997
2022-11-19 10:00:00,61302.16499998
2022-11-19 11:00:00,61759.984999960005
2022-11-19 12:00:00,61496.55299998
2022-11-19 13:00:00,62654.14899997
2022-11-19 14:00:00,64378.14999998
2022-11-19 15:00:00,66445.08099998001
2022-11-19 16:00:00,68952.19599999
2022-11-19 17:00:00,72167.9
2022-11-19 18:00:00,76995.20799999
2022-11-19 19:00:00,79297.28499997
2022-11-19 20:00:00,77228.87199998999
2022-11-19 21:00:00,74531.96099999
2022-11-19 22:00:00,71652.78299998
2022-11-19 23:00:00,68516.12099997
2022-11-20 00:00:00,65326.45599998
2022-11-20 01:00:00,62501.09399997
2022-11-20 02:00:00,60472.34899998
2022-11-20 03:00:00,58953.55199999
2022-11-20 04:00:00,58124.499999980006
2022-11-20 05:00:00,55298.59199999
2022-11-20 06:00:00,53335.63199996
2022-11-20 07:00:00,52295.78699999
2022-11-20 08:00:00,52017.46099999
2022-11-20 09:00:00,51961.26799999
2022-11-20 10:00:00,52822.718999970006
2022-11-20 11:00:00,54226.32299999
2022-11-20 12:00:00,54837.33299999
2022-11-20 13:00:00,55838.61399997999
2022-11-20 14:00:00,57469.73599998
2022-11-20 15:00:00,60101.86999998
2022-11-20 16:00:00,63372.31999997
2022-11-20 17:00:00,67581.827
2022-11-20 18:00:00,72851.64
2022-11-20 19:00:00,76644.94
2022-11-20 20:00:00,76194.10399999001
2022-11-20 21:00:00,75011.34099999
2022-11-20 22:00:00,72874.62899999
2022-11-20 23:00:00,69530.50999998
2022-11-21 00:00:00,66276.58899999
2022-11-21 01:00:00,63666.28299999
2022-11-21 02:00:00,62162.683
2022-11-21 03:00:00,61311.21799998
2022-11-21 04:00:00,61281.87199998
2022-11-21 05:00:00,61258.55399998
2022-11-21 06:00:00,63608.35499998
2022-11-21 07:00:00,67476.17099998001
2022-11-21 08:00:00,71316.5
2022-11-21 09:00:00,72900.725
2022-11-21 10:00:00,74389.87199997
2022-11-21 11:00:00,75150.26599999
2022-11-21 12:00:00,73649.87799999
2022-11-21 13:00:00,77102.33899999
2022-11-21 14:00:00,80820.27799997
2022-11-21 15:00:00,82722.58799999999
2022-11-21 16:00:00,83852.99199998
2022-11-21 17:00:00,81284.65899998
2022-11-21 18:00:00,81775.86999999
2022-11-21 19:00:00,84491.90399997
2022-11-21 20:00:00,83974.699
2022-11-21 21:00:00,83356.69699997999
2022-11-21 22:00:00,79918.97799998999
2022-11-21 23:00:00,75234.14299996999
2022-11-22 00:00:00,71157.14699999
2022-11-22 01:00:00,67910.57399999
2022-11-22 02:00:00,65848.12099996
2022-11-22 03:00:00,64724.333999990005
2022-11-22 04:00:00,64484.11099998
2022-11-22 05:00:00,64311.107999980006
2022-11-22 06:00:00,66342.526
2022-11-22 07:00:00,70122.75299998
2022-11-22 08:00:00,73689.03799998
2022-11-22 09:00:00,74657.81999996
2022-11-22 10:00:00,75932.74599996
2022-11-22 11:00:00,75913.057
2022-11-22 12:00:00,73915.38599998
2022-11-22 13:00:00,76728.582
2022-11-22 14:00:00,80075.39299999
2022-11-22 15:00:00,82309.39699998
2022-11-22 16:00:00,83304.69199997
2022-11-22 17:00:00,81111.83499996
2022-11-22 18:00:00,81929.88799999
2022-11-22 19:00:00,84373.57199996001
2022-11-22 20:00:00,83622.13099999
2022-11-22 21:00:00,82596.84299998
2022-11-22 22:00:00,79402.75699998
2022-11-22 23:00:00,74752.90899998
2022-11-23 00:00:00,70681.38799998
2022-11-23 01:00:00,67436.39600000001
2022-11-23 02:00:00,65560.11299998
2022-11-23 03:00:00,64691.638999990006
2022-11-23 04:00:00,64670.10099998
2022-11-23 05:00:00,64677.94
2022-11-23 06:00:00,66517.05699997999
2022-11-23 07:00:00,70020.82899999
2022-11-23 08:00:00,73174.371
2022-11-23 09:00:00,74141.06599996
2022-11-23 10:00:00,75180.02299997
2022-11-23 11:00:00,75326.65199999
2022-11-23 12:00:00,73206.32399998
2022-11-23 13:00:00,76266.30499998
2022-11-23 14:00:00,79556.69900000001
2022-11-23 15:00:00,81573.08399998001
2022-11-23 16:00:00,82719.89299998
2022-11-23 17:00:00,81010.10999999
2022-11-23 18:00:00,82687.28799997
2022-11-23 19:00:00,85072.58199998
2022-11-23 20:00:00,84256.64299996999
2022-11-23 21:00:00,83274.09499997
2022-11-23 22:00:00,79814.22299998
2022-11-23 23:00:00,75194.11999998
2022-11-24 00:00:00,71206.28499997
2022-11-24 01:00:00,67815.07399998
2022-11-24 02:00:00,65624.18099997
2022-11-24 03:00:00,64435.13199998
2022-11-24 04:00:00,64181.763999990006
2022-11-24 05:00:00,63986.817999980005
2022-11-24 06:00:00,66007.90499998
2022-11-24 07:00:00,69093.89599998
2022-11-24 08:00:00,71885.23399999
2022-11-24 09:00:00,72544.38099998
2022-11-24 10:00:00,73344.32399998
2022-11-24 11:00:00,72820.96699998999
2022-11-24 12:00:00,71574.819
2022-11-24 13:00:00,73968.49399997
2022-11-24 14:00:00,74973.18899998
2022-11-24 15:00:00,72301.24299999
2022-11-24 16:00:00,68930.68499998
2022-11-24 17:00:00,68671.58199997
2022-11-24 18:00:00,75676.16999999
2022-11-24 19:00:00,80054.20599999999
2022-11-24 20:00:00,80249.30999998
2022-11-24 21:00:00,80038.099
2022-11-24 22:00:00,77140.57199996
2022-11-24 23:00:00,72956.58
2022-11-25 00:00:00,68980.43199996
2022-11-25 01:00:00,65839.49099999
2022-11-25 02:00:00,63959.16599999
2022-11-25 03:00:00,63006.49399998
2022-11-25 04:00:00,63003.61899998
2022-11-25 05:00:00,62820.121999990006
2022-11-25 06:00:00,64667.636999990005
2022-11-25 07:00:00,67434.78199998
2022-11-25 08:00:00,69952.77899999
2022-11-25 09:00:00,70623.80899999
2022-11-25 10:00:00,71602.25
2022-11-25 11:00:00,71613.614
2022-11-25 12:00:00,70080.76599998999
2022-11-25 13:00:00,72896.62499997001
2022-11-25 14:00:00,75926.36399999
2022-11-25 15:00:00,77753.62899998
2022-11-25 16:00:00,78546.106
2022-11-25 17:00:00,77772.34099997
2022-11-25 18:00:00,79320.08899999999
2022-11-25 19:00:00,82093.60599997001
2022-11-25 20:00:00,80940.47499998
2022-11-25 21:00:00,80086.78399997001
2022-11-25 22:00:00,77356.29699999
2022-11-25 23:00:00,73426.41899999
2022-11-26 00:00:00,69580.36399705001
2022-11-26 01:00:00,66294.06300488001
2022-11-26 02:00:00,64001.26499121
2022-11-26 03:00:00,62738.67697899
2022-11-26 04:00:00,62137.60698681
2022-11-26 05:00:00,60208.14798775999
2022-11-26 06:00:00,59714.92398828
2022-11-26 07:00:00,60771.42099853
2022-11-26 08:00:00,62037.12600437
2022-11-26 09:00:00,62522.21598192
2022-11-26 10:00:00,62884.96599606
2022-11-26 11:00:00,63149.9119863
2022-11-26 12:00:00,62636.2180034
2022-11-26 13:00:00,62977.83302976
2022-11-26 14:00:00,64123.47799365
2022-11-26 15:00:00,66201.23898192
2022-11-26 16:00:00,68206.65202734
2022-11-26 17:00:00,71607.32801462
2022-11-26 18:00:00,76742.05397653999
2022-11-26 19:00:00,79283.40201317
2022-11-26 20:00:00,77620.76997801001
2022-11-26 21:00:00,74878.9329863
2022-11-26 22:00:00,71650.27597459001
2022-11-26 23:00:00,68335.83601366
2022-11-27 00:00:00,65248.32399997999
2022-11-27 01:00:00,62578.34099997
2022-11-27 02:00:00,60493.06999999
2022-11-27 03:00:00,59217.57499999
2022-11-27 04:00:00,58542.73899998
2022-11-27 05:00:00,55740.29299997
2022-11-27 06:00:00,53976.405
2022-11-27 07:00:00,53228.85499997
2022-11-27 08:00:00,53089.10699998999
2022-11-27 09:00:00,53065.468
2022-11-27 10:00:00,53642.11099999
2022-11-27 11:00:00,55124.78699999
2022-11-27 12:00:00,55651.02899998
2022-11-27 13:00:00,56122.13999999
2022-11-27 14:00:00,57359.04299998
2022-11-27 15:00:00,59832.79099998
2022-11-27 16:00:00,63009.59399997
2022-11-27 17:00:00,66629.05299998999
2022-11-27 18:00:00,72053.94899999001
2022-11-27 19:00:00,74996.53799997001
2022-11-27 20:00:00,74887.59599997
2022-11-27 21:00:00,73475.80799997
2022-11-27 22:00:00,71423.46899998
2022-11-27 23:00:00,68296.38699999
2022-11-28 00:00:00,65311.41299999
2022-11-28 01:00:00,63024.578
2022-11-28 02:00:00,61526.927
2022-11-28 03:00:00,60676.99299997
2022-11-28 04:00:00,60660.93599998
2022-11-28 05:00:00,60732.65499999
2022-11-28 06:00:00,62904.908
2022-11-28 07:00:00,66153.73399998
2022-11-28 08:00:00,69376.76499999
2022-11-28 09:00:00,70375.43099999
2022-11-28 10:00:00,71541.04599998999
2022-11-28 11:00:00,71262.78199999999
2022-11-28 12:00:00,67369.93499999
2022-11-28 13:00:00,64810.93699998
2022-11-28 14:00:00,65175.21499998
2022-11-28 15:00:00,72293.61799997
2022-11-28 16:00:00,75522.63099999
2022-11-28 17:00:00,76139.38899998
2022-11-28 18:00:00,78267.18699999999
2022-11-28 19:00:00,80788.91999999
2022-11-28 20:00:00,80766.81699997
2022-11-28 21:00:00,80086.553
2022-11-28 22:00:00,76817.05399997
2022-11-28 23:00:00,72342.599
2022-11-29 00:00:00,68581.46899997
2022-11-29 01:00:00,65644.14099998999
2022-11-29 02:00:00,63811.37799998
2022-11-29 03:00:00,62827.67199999
2022-11-29 04:00:00,62912.12599998
2022-11-29 05:00:00,63105.78899998
2022-11-29 06:00:00,65076.48899999
2022-11-29 07:00:00,67507.68699998
2022-11-29 08:00:00,70795.76899998
2022-11-29 09:00:00,71769.79199997999
2022-11-29 10:00:00,73061.363
2022-11-29 11:00:00,73485.43199999
2022-11-29 12:00:00,71991.02699997
2022-11-29 13:00:00,75109.68599999
2022-11-29 14:00:00,78181.99999998999
2022-11-29 15:00:00,80280.693
2022-11-29 16:00:00,81335.17999996999
2022-11-29 17:00:00,79790.666
2022-11-29 18:00:00,80537.42299999
2022-11-29 19:00:00,82671.751
2022-11-29 20:00:00,82055.62299999
2022-11-29 21:00:00,81059.66099998
2022-11-29 22:00:00,77519.33999999
2022-11-29 23:00:00,72713.15899998
2022-11-30 00:00:00,68598.70999998
2022-11-30 01:00:00,65606.88199999
2022-11-30 02:00:00,63611.77399998
2022-11-30 03:00:00,62573.24199998
2022-11-30 04:00:00,62525.58099998
2022-11-30 05:00:00,62683.891999980005
2022-11-30 06:00:00,64703.634999990005
2022-11-30 07:00:00,67496.60699998
2022-11-30 08:00:00,70168.56599999
2022-11-30 09:00:00,71309.83699997999
2022-11-30 10:00:00,72776.15299998
2022-11-30 11:00:00,73293.31
2022-11-30 12:00:00,71850.38
2022-11-30 13:00:00,75271.91299997
2022-11-30 14:00:00,78252.86599998
2022-11-30 15:00:00,79768.51399998
2022-11-30 16:00:00,81044.35899999001
2022-11-30 17:00:00,79560.48899998999
2022-11-30 18:00:00,80745.82399998
2022-11-30 19:00:00,83179.07499999
2022-11-30 20:00:00,82638.80399998
2022-11-30 21:00:00,81639.78999999
2022-11-30 22:00:00,78335.99799999001
2022-11-30 23:00:00,73517.61999998
2022-12-01 00:00:00,69155.44899999
2022-12-01 01:00:00,65873.74299998
2022-12-01 02:00:00,63816.46899998
2022-12-01 03:00:00,62717.36899997001
2022-12-01 04:00:00,62703.32299999
2022-12-01 05:00:00,62503.31799996999
2022-12-01 06:00:00,64428.242999990005
2022-12-01 07:00:00,67651.74099997
2022-12-01 08:00:00,70796.43399998
2022-12-01 09:00:00,71572.08499999001
2022-12-01 10:00:00,73066.51299999
2022-12-01 11:00:00,73741.44399998
2022-12-01 12:00:00,72264.22199999
2022-12-01 13:00:00,75889.66099999
2022-12-01 14:00:00,79480.351
2022-12-01 15:00:00,81379.13999998999
2022-12-01 16:00:00,82368.33199996999
2022-12-01 17:00:00,80398.92099999
2022-12-01 18:00:00,80658.13799999001
2022-12-01 19:00:00,83440.91799997
2022-12-01 20:00:00,82880.84099997999
2022-12-01 21:00:00,82237.01199998001
2022-12-01 22:00:00,79587.24699998001
2022-12-01 23:00:00,75366.35899997
2022-12-02 00:00:00,70710.15799998
2022-12-02 01:00:00,67584.614
2022-12-02 02:00:00,65337.41899999
2022-12-02 03:00:00,64197.33299998
2022-12-02 04:00:00,63856.15599998
2022-12-02 05:00:00,63859.317
2022-12-02 06:00:00,66356.57699999001
2022-12-02 07:00:00,69714.74399999
2022-12-02 08:00:00,73269.41399999
2022-12-02 09:00:00,74296.38799998
2022-12-02 10:00:00,75229.69199997
2022-12-02 11:00:00,75193.42299998
2022-12-02 12:00:00,74418.44199997
2022-12-02 13:00:00,76918.603
2022-12-02 14:00:00,77833.98599999
2022-12-02 15:00:00,75301.45499999
2022-12-02 16:00:00,71544.64899997
2022-12-02 17:00:00,70556.71299998
2022-12-02 18:00:00,75649.652
2022-12-02 19:00:00,79295.04899997001
2022-12-02 20:00:00,79291.75999999
2022-12-02 21:00:00,79087.98199999
2022-12-02 22:00:00,77059.34099998
2022-12-02 23:00:00,73799.26799998
2022-12-03 00:00:00,70289.08299072
2022-12-03 01:00:00,67278.98798629
2022-12-03 02:00:00,65334.24298336999
2022-12-03 03:00:00,63963.8769702
2022-12-03 04:00:00,63235.52398486
2022-12-03 05:00:00,61452.29800193
2022-12-03 06:00:00,61015.31000166999
2022-12-03 07:00:00,62885.81498875
2022-12-03 08:00:00,64694.86001292
2022-12-03 09:00:00,65366.61500194
2022-12-03 10:00:00,65390.98300732
2022-12-03 11:00:00,65727.84699657
2022-12-03 12:00:00,65269.85699315
2022-12-03 13:00:00,66037.80998607
2022-12-03 14:00:00,67641.65999608001
2022-12-03 15:00:00,69406.92801512999
2022-12-03 16:00:00,71456.23197166
2022-12-03 17:00:00,73597.87699337999
2022-12-03 18:00:00,77629.36403269999
2022-12-03 19:00:00,79575.76801951
2022-12-03 20:00:00,77959.79791647999
2022-12-03 21:00:00,75206.30599705
2022-12-03 22:00:00,72391.93005272
2022-12-03 23:00:00,69351.00703172
2022-12-04 00:00:00,66166.46399998
2022-12-04 01:00:00,63440.63099998
2022-12-04 02:00:00,61315.386
2022-12-04 03:00:00,59760.44299999
2022-12-04 04:00:00,58741.10399998
2022-12-04 05:00:00,56388.40799998
2022-12-04 06:00:00,54779.21899998
2022-12-04 07:00:00,54560.67699999
2022-12-04 08:00:00,55053.80899998
2022-12-04 09:00:00,55317.15899997
2022-12-04 10:00:00,55947.01299997
2022-12-04 11:00:00,57169.20299997
2022-12-04 12:00:00,57569.325
2022-12-04 13:00:00,57845.81899998
2022-12-04 14:00:00,58827.16699999
2022-12-04 15:00:00,60200.38799999
2022-12-04 16:00:00,62775.85799999
2022-12-04 17:00:00,66812.435
2022-12-04 18:00:00,71589.30499999
2022-12-04 19:00:00,74257.838
2022-12-04 20:00:00,74126.88099999
2022-12-04 21:00:00,73008.05799999001
2022-12-04 22:00:00,70982.15399997
2022-12-04 23:00:00,67990.32299998001
2022-12-05 00:00:00,64764.142999970005
2022-12-05 01:00:00,62207.80199998
2022-12-05 02:00:00,60826.63699999
2022-12-05 03:00:00,59940.86199999
2022-12-05 04:00:00,60032.72199999
2022-12-05 05:00:00,60460.29199998001
2022-12-05 06:00:00,63162.07799999
2022-12-05 07:00:00,67415.67
2022-12-05 08:00:00,71454.48
2022-12-05 09:00:00,72667.66799999
2022-12-05 10:00:00,73757.38099999001
2022-12-05 11:00:00,73778.86799998999
2022-12-05 12:00:00,72727.979
2022-12-05 13:00:00,75207.97999999
2022-12-05 14:00:00,75858.00499998
2022-12-05 15:00:00,73270.21999997999
2022-12-05 16:00:00,69487.69899999001
2022-12-05 17:00:00,69497.062
2022-12-05 18:00:00,76096.25199998
2022-12-05 19:00:00,80278.292
2022-12-05 20:00:00,80735.36699999
2022-12-05 21:00:00,80224.08399998001
2022-12-05 22:00:00,77182.74099999
2022-12-05 23:00:00,72695.71799999
2022-12-06 00:00:00,68900.24299998
2022-12-06 01:00:00,65914.32399998
2022-12-06 02:00:00,63991.78699998
2022-12-06 03:00:00,63089.34899998
2022-12-06 04:00:00,62990.12699998
2022-12-06 05:00:00,63073.46299996
2022-12-06 06:00:00,64903.36099998
2022-12-06 07:00:00,68794.94899999001
2022-12-06 08:00:00,72259.48699998
2022-12-06 09:00:00,73477.53399997
2022-12-06 10:00:00,74719.36799997
2022-12-06 11:00:00,74823.47499997
2022-12-06 12:00:00,73027.07899998
2022-12-06 13:00:00,75726.51299999
2022-12-06 14:00:00,78465.79799998
2022-12-06 15:00:00,80248.62699999
2022-12-06 16:00:00,81218.14599998
2022-12-06 17:00:00,79266.43499998
2022-12-06 18:00:00,80003.40799998
2022-12-06 19:00:00,82533.66599998999
2022-12-06 20:00:00,82615.47999999
2022-12-06 21:00:00,82065.83799998
2022-12-06 22:00:00,78931.94399997
2022-12-06 23:00:00,74371.80099999
2022-12-07 00:00:00,70329.39299999
2022-12-07 01:00:00,67051.17699998
2022-12-07 02:00:00,65199.374999980006
2022-12-07 03:00:00,63972.427999980006
2022-12-07 04:00:00,63886.14899997
2022-12-07 05:00:00,64002.36799997
2022-12-07 06:00:00,65671.09399999
2022-12-07 07:00:00,68916.47299999
2022-12-07 08:00:00,72157.541
2022-12-07 09:00:00,74132.73499999
2022-12-07 10:00:00,75898.47899998
2022-12-07 11:00:00,76384.19299998
2022-12-07 12:00:00,74731.30499997
2022-12-07 13:00:00,77582.06799998
2022-12-07 14:00:00,80674.94599999
2022-12-07 15:00:00,82136.546
2022-12-07 16:00:00,83417.08999999
2022-12-07 17:00:00,81319.658
2022-12-07 18:00:00,81109.90699998
2022-12-07 19:00:00,83873.07499998002
2022-12-07 20:00:00,83671.00999998
2022-12-07 21:00:00,83064.83199998
2022-12-07 22:00:00,80287.98199997
2022-12-07 23:00:00,75584.89599999
2022-12-08 00:00:00,71371.53899999
2022-12-08 01:00:00,67907.47799998999
2022-12-08 02:00:00,65456.603
2022-12-08 03:00:00,64400.84299998
2022-12-08 04:00:00,64365.012999980005
2022-12-08 05:00:00,63769.86999998
2022-12-08 06:00:00,65272.10599998
2022-12-08 07:00:00,68253.55799999001
2022-12-08 08:00:00,71028.34199997
2022-12-08 09:00:00,71654.24499997
2022-12-08 10:00:00,72811.25399999
2022-12-08 11:00:00,72883.24899999
2022-12-08 12:00:00,71942.67299999
2022-12-08 13:00:00,75445.87599999
2022-12-08 14:00:00,78834.84299996999
2022-12-08 15:00:00,81091.14199998001
2022-12-08 16:00:00,82741.95299995999
2022-12-08 17:00:00,81707.97799998
2022-12-08 18:00:00,81335.73899998
2022-12-08 19:00:00,84690.89499998999
2022-12-08 20:00:00,84609.66200000001
2022-12-08 21:00:00,84502.68499997999
2022-12-08 22:00:00,82312.89399998999
2022-12-08 23:00:00,78333.05599998
2022-12-09 00:00:00,73976.367
2022-12-09 01:00:00,70336.01799998
2022-12-09 02:00:00,67860.57199998
2022-12-09 03:00:00,66560.602
2022-12-09 04:00:00,66021.97599999
2022-12-09 05:00:00,65061.36399999
2022-12-09 06:00:00,66292.72099999001
2022-12-09 07:00:00,69704.91699998
2022-12-09 08:00:00,72739.86999999
2022-12-09 09:00:00,73868.05299997
2022-12-09 10:00:00,74636.23199997
2022-12-09 11:00:00,71931.66499997
2022-12-09 12:00:00,67635.57799999
2022-12-09 13:00:00,67845.33999999
2022-12-09 14:00:00,69689.743
2022-12-09 15:00:00,78189.13999997999
2022-12-09 16:00:00,81158.96699998
2022-12-09 17:00:00,81068.22899999001
2022-12-09 18:00:00,80900.90399997
2022-12-09 19:00:00,84402.30699998
2022-12-09 20:00:00,83578.51000000001
2022-12-09 21:00:00,83141.02399999001
2022-12-09 22:00:00,81000.805
2022-12-09 23:00:00,77397.74499997
2022-12-10 00:00:00,73360.618
2022-12-10 01:00:00,70108.84999999
2022-12-10 02:00:00,67605.96299998999
2022-12-10 03:00:00,66047.51699998
2022-12-10 04:00:00,65208.39499997
2022-12-10 05:00:00,62980.235
2022-12-10 06:00:00,62282.14599998
2022-12-10 07:00:00,63521.40099998
2022-12-10 08:00:00,64784.22999997
2022-12-10 09:00:00,64900.44599998
2022-12-10 10:00:00,65516.487
2022-12-10 11:00:00,65890.59599998
2022-12-10 12:00:00,65988.25299999
2022-12-10 13:00:00,67514.47099998
2022-12-10 14:00:00,69614.45399997
2022-12-10 15:00:00,71732.34799996999
2022-12-10 16:00:00,73519.01699999001
2022-12-10 17:00:00,75138.34999998001
2022-12-10 18:00:00,78521.62699997
2022-12-10 19:00:00,81628.20299998
2022-12-10 20:00:00,80516.79099998
2022-12-10 21:00:00,78525.26399998
2022-12-10 22:00:00,76161.45799999
2022-12-10 23:00:00,73833.79399998
2022-12-11 00:00:00,70927.32999999
2022-12-11 01:00:00,68112.16399997001
2022-12-11 02:00:00,65914.13399997
2022-12-11 03:00:00,64346.96599997
2022-12-11 04:00:00,63255.10199998
2022-12-11 05:00:00,60381.16799998
2022-12-11 06:00:00,58006.24999999
2022-12-11 07:00:00,57269.967
2022-12-11 08:00:00,56588.96099998
2022-12-11 09:00:00,56170.63699999
2022-12-11 10:00:00,56971.44399998
2022-12-11 11:00:00,58095.07099998
2022-12-11 12:00:00,58577.65399997
2022-12-11 13:00:00,59361.75699997
2022-12-11 14:00:00,61130.975999990005
2022-12-11 15:00:00,63504.69399998
2022-12-11 16:00:00,66468.72699997999
2022-12-11 17:00:00,69571.68000000001
2022-12-11 18:00:00,74006.59899998
2022-12-11 19:00:00,78063.84299997
2022-12-11 20:00:00,78856.90000000001
2022-12-11 21:00:00,78524.02199996999
2022-12-11 22:00:00,77198.992
2022-12-11 23:00:00,74284.46099999
2022-12-12 00:00:00,71192.62999999001
2022-12-12 01:00:00,68603.178
2022-12-12 02:00:00,66760.33299998999
2022-12-12 03:00:00,65599.742
2022-12-12 04:00:00,65382.92199996
2022-12-12 05:00:00,64935.40799998
2022-12-12 06:00:00,66596.68099997999
2022-12-12 07:00:00,71002.41899999
2022-12-12 08:00:00,75757.10399998
2022-12-12 09:00:00,77371.91399998
2022-12-12 10:00:00,78990.21299998
2022-12-12 11:00:00,79137.88699998
2022-12-12 12:00:00,78355.73799997
2022-12-12 13:00:00,82046.18099998
2022-12-12 14:00:00,84752.07799998
2022-12-12 15:00:00,85831.58199999
2022-12-12 16:00:00,86352.94899999
2022-12-12 17:00:00,83420.24899997
2022-12-12 18:00:00,82969.10299998999
2022-12-12 19:00:00,85286.05699997
2022-12-12 20:00:00,84882.50899997
2022-12-12 21:00:00,84559.30399997
2022-12-12 22:00:00,81950.52999999
2022-12-12 23:00:00,77725.95299999
2022-12-13 00:00:00,73737.046
2022-12-13 01:00:00,70683.72199999
2022-12-13 02:00:00,68447.41799998
2022-12-13 03:00:00,67136.77499996
2022-12-13 04:00:00,66826.17299998
2022-12-13 05:00:00,66109.16299999
2022-12-13 06:00:00,67453.13199998
2022-12-13 07:00:00,70975.37599998
2022-12-13 08:00:00,73964.15999998
2022-12-13 09:00:00,74646.77899999
2022-12-13 10:00:00,75230.60299998999
2022-12-13 11:00:00,74756.04699999001
2022-12-13 12:00:00,72827.22299999
2022-12-13 13:00:00,75139.02799997
2022-12-13 14:00:00,78263.16399999
2022-12-13 15:00:00,79828.32599999
2022-12-13 16:00:00,81280.53199997
2022-12-13 17:00:00,79350.18499996
2022-12-13 18:00:00,79631.19099998001
2022-12-13 19:00:00,82001.50699999
2022-12-13 20:00:00,81955.46599996
2022-12-13 21:00:00,81141.635
2022-12-13 22:00:00,78216.23
2022-12-13 23:00:00,73573.98599999
2022-12-14 00:00:00,69370.14099998001
2022-12-14 01:00:00,66210.56999997
2022-12-14 02:00:00,64174.16699996
2022-12-14 03:00:00,62989.08599998
2022-12-14 04:00:00,62880.20999999
2022-12-14 05:00:00,62254.51899997999
2022-12-14 06:00:00,63995.12199996
2022-12-14 07:00:00,67558.29999997
2022-12-14 08:00:00,70055.82099997
2022-12-14 09:00:00,70681.33399999
2022-12-14 10:00:00,71445.41599997
2022-12-14 11:00:00,71408.627
2022-12-14 12:00:00,70134.66899999
2022-12-14 13:00:00,73328.50399997
2022-12-14 14:00:00,76486.36899999
2022-12-14 15:00:00,78315.42499998
2022-12-14 16:00:00,80036.75499999001
2022-12-14 17:00:00,78611.58399999
2022-12-14 18:00:00,79159.30599999
2022-12-14 19:00:00,82150.96599998
2022-12-14 20:00:00,81973.56299998001
2022-12-14 21:00:00,81218.86599999
2022-12-14 22:00:00,78349.686
2022-12-14 23:00:00,73819.57399998
2022-12-15 00:00:00,69565.58302293
2022-12-15 01:00:00,66269.09800926
2022-12-15 02:00:00,64100.19800437
2022-12-15 03:00:00,62914.3630117
2022-12-15 04:00:00,62783.66097314
2022-12-15 05:00:00,62158.34102488
2022-12-15 06:00:00,63761.62201008
2022-12-15 07:00:00,67220.30401623
2022-12-15 08:00:00,69947.95898192
2022-12-15 09:00:00,70718.32405113
2022-12-15 10:00:00,71585.70904564
2022-12-15 11:00:00,71940.3959829
2022-12-15 12:00:00,70976.22696885999
2022-12-15 13:00:00,74644.1370172
2022-12-15 14:00:00,77634.22794564
2022-12-15 15:00:00,79836.57402108
2022-12-15 16:00:00,81247.8399525
2022-12-15 17:00:00,79551.80299205
2022-12-15 18:00:00,79904.62901865
2022-12-15 19:00:00,83054.82298617999
2022-12-15 20:00:00,82949.8639829
2022-12-15 21:00:00,82463.18001061
2022-12-15 22:00:00,79780.61902001
2022-12-15 23:00:00,75667.31797875
2022-12-16 00:00:00,71541.71599999
2022-12-16 01:00:00,68015.56999997
2022-12-16 02:00:00,65772.82799999001
2022-12-16 03:00:00,64366.113
2022-12-16 04:00:00,64104.84999999
2022-12-16 05:00:00,63672.09899999
2022-12-16 06:00:00,64925.136999990005
2022-12-16 07:00:00,68411.41699999
2022-12-16 08:00:00,71747.90599999
2022-12-16 09:00:00,72639.33599999
2022-12-16 10:00:00,73637.51999999999
2022-12-16 11:00:00,73423.62699999
2022-12-16 12:00:00,72007.58699997
2022-12-16 13:00:00,74367.68599997
2022-12-16 14:00:00,76691.27799998
2022-12-16 15:00:00,78462.90699999
2022-12-16 16:00:00,78955.008
2022-12-16 17:00:00,77766.35800000001
2022-12-16 18:00:00,78496.42399997
2022-12-16 19:00:00,81371.70499998999
2022-12-16 20:00:00,80522.51800000001
2022-12-16 21:00:00,79593.46399998001
2022-12-16 22:00:00,77279.298
2022-12-16 23:00:00,73634.28600000001
2022-12-17 00:00:00,69876.59299998
2022-12-17 01:00:00,66832.36199998
2022-12-17 02:00:00,64690.74699999
2022-12-17 03:00:00,63403.71199999
2022-12-17 04:00:00,62727.10799999
2022-12-17 05:00:00,60720.34199997
2022-12-17 06:00:00,60128.78699999001
2022-12-17 07:00:00,60988.84599998
2022-12-17 08:00:00,61812.93499999
2022-12-17 09:00:00,61818.55799998
2022-12-17 10:00:00,61725.865
2022-12-17 11:00:00,62189.31699999
2022-12-17 12:00:00,61862.11099999
2022-12-17 13:00:00,62391.64199997
2022-12-17 14:00:00,63646.85499997
2022-12-17 15:00:00,65131.03999997
2022-12-17 16:00:00,67201.81199998
2022-12-17 17:00:00,70046.44999997
2022-12-17 18:00:00,74121.88599998
2022-12-17 19:00:00,77358.52199997999
2022-12-17 20:00:00,76549.78699999
2022-12-17 21:00:00,74108.01899999
2022-12-17 22:00:00,71441.93999998
2022-12-17 23:00:00,68377.70599997
2022-12-18 00:00:00,65368.78199999
2022-12-18 01:00:00,62661.79199998
2022-12-18 02:00:00,60713.68199998
2022-12-18 03:00:00,59270.67299998
2022-12-18 04:00:00,58534.411
2022-12-18 05:00:00,56225.58699999
2022-12-18 06:00:00,54071.561
2022-12-18 07:00:00,53617.68199999
2022-12-18 08:00:00,53767.33499997
2022-12-18 09:00:00,54314.72599997
2022-12-18 10:00:00,55203.11099998
2022-12-18 11:00:00,56450.18999997
2022-12-18 12:00:00,56099.98899998
2022-12-18 13:00:00,55809.01899998
2022-12-18 14:00:00,56264.06699999
2022-12-18 15:00:00,58555.91899998001
2022-12-18 16:00:00,61457.48599997
2022-12-18 17:00:00,64570.14799996
2022-12-18 18:00:00,68920.48699998
2022-12-18 19:00:00,72635.05899999
2022-12-18 20:00:00,72612.33799998001
2022-12-18 21:00:00,71457.27899998
2022-12-18 22:00:00,69331.33199996
2022-12-18 23:00:00,66215.43099996001
2022-12-19 00:00:00,63103.92299997999
2022-12-19 01:00:00,60686.277
2022-12-19 02:00:00,59443.065
2022-12-19 03:00:00,58610.999
2022-12-19 04:00:00,58716.80599998
2022-12-19 05:00:00,58788.492
2022-12-19 06:00:00,60306.81799996
2022-12-19 07:00:00,64559.60699998
2022-12-19 08:00:00,68005.26499998
2022-12-19 09:00:00,69041.97299998
2022-12-19 10:00:00,69880.16599998
2022-12-19 11:00:00,69620.32399999001
2022-12-19 12:00:00,67985.614
2022-12-19 13:00:00,70181.057
2022-12-19 14:00:00,72583.39999999
2022-12-19 15:00:00,74233.31899999
2022-12-19 16:00:00,75600.13499999
2022-12-19 17:00:00,74773.24099998
2022-12-19 18:00:00,76072.09699998
2022-12-19 19:00:00,79156.985
2022-12-19 20:00:00,78882.43499998
2022-12-19 21:00:00,77843.74799999999
2022-12-19 22:00:00,74885.17199999999
2022-12-19 23:00:00,70370.674
2022-12-20 00:00:00,66287.32901852
2022-12-20 01:00:00,63048.0900249
2022-12-20 02:00:00,61144.36898533
2022-12-20 03:00:00,60253.60597897
2022-12-20 04:00:00,60197.57999217
2022-12-20 05:00:00,59869.00397752
2022-12-20 06:00:00,61021.63998827
2022-12-20 07:00:00,64338.83501462
2022-12-20 08:00:00,67140.10601537
2022-12-20 09:00:00,67736.30299119
2022-12-20 10:00:00,68353.65398872999
2022-12-20 11:00:00,67923.73299851001
2022-12-20 12:00:00,66757.59600633
2022-12-20 13:00:00,69117.0970205
2022-12-20 14:00:00,71878.83998533
2022-12-20 15:00:00,73798.06901072
2022-12-20 16:00:00,75420.5289951
2022-12-20 17:00:00,74420.87801463
2022-12-20 18:00:00,75707.25198778
2022-12-20 19:00:00,78772.98002048
2022-12-20 20:00:00,78770.08504344
2022-12-20 21:00:00,78008.95197216
2022-12-20 22:00:00,75302.31299643
2022-12-20 23:00:00,70838.71902537999
2022-12-21 00:00:00,66448.75899999
2022-12-21 01:00:00,63136.00799997
2022-12-21 02:00:00,60981.35299998
2022-12-21 03:00:00,59959.38099999
2022-12-21 04:00:00,59806.92599999
2022-12-21 05:00:00,59041.957
2022-12-21 06:00:00,60439.47899999
2022-12-21 07:00:00,63427.25799999
2022-12-21 08:00:00,65632.42599998
2022-12-21 09:00:00,66182.24199997999
2022-12-21 10:00:00,66741.03499999
2022-12-21 11:00:00,66686.76699997
2022-12-21 12:00:00,65679.04099996
2022-12-21 13:00:00,67939.30299997999
2022-12-21 14:00:00,70338.66499999
2022-12-21 15:00:00,71818.856
2022-12-21 16:00:00,73053.45799999
2022-12-21 17:00:00,72895.63
2022-12-21 18:00:00,74827.32899998
2022-12-21 19:00:00,78040.58499999999
2022-12-21 20:00:00,77842.97899998
2022-12-21 21:00:00,77360.63799997
2022-12-21 22:00:00,75004.33999996999
2022-12-21 23:00:00,70764.09199998999
2022-12-22 00:00:00,66423.71999999
2022-12-22 01:00:00,63067.35199998
2022-12-22 02:00:00,61047.08499996
2022-12-22 03:00:00,59889.02199998
2022-12-22 04:00:00,59593.41099998
2022-12-22 05:00:00,58792.28999997999
2022-12-22 06:00:00,59605.32199999
2022-12-22 07:00:00,62128.17299999
2022-12-22 08:00:00,64218.01899997999
2022-12-22 09:00:00,64543.37899998
2022-12-22 10:00:00,64808.60999999
2022-12-22 11:00:00,64631.78099998
2022-12-22 12:00:00,64017.92399999
2022-12-22 13:00:00,66526.25299998
2022-12-22 14:00:00,69426.87099998
2022-12-22 15:00:00,71027.84499997
2022-12-22 16:00:00,72355.99899999
2022-12-22 17:00:00,72279.94599997
2022-12-22 18:00:00,74029.69899998
2022-12-22 19:00:00,77320.82099998
2022-12-22 20:00:00,77093.23999999
2022-12-22 21:00:00,76637.75099999
2022-12-22 22:00:00,74367.62199998
2022-12-22 23:00:00,70412.58299998
2022-12-23 00:00:00,66170.30299997999
2022-12-23 01:00:00,62591.72999999
2022-12-23 02:00:00,60296.53199999
2022-12-23 03:00:00,59099.95599998
2022-12-23 04:00:00,59244.207
2022-12-23 05:00:00,58331.99999997
2022-12-23 06:00:00,58875.019999970005
2022-12-23 07:00:00,61060.561
2022-12-23 08:00:00,62711.83099998
2022-12-23 09:00:00,63100.36999998001
2022-12-23 10:00:00,63306.60999997
2022-12-23 11:00:00,63655.138
2022-12-23 12:00:00,63368.13299999
2022-12-23 13:00:00,65141.96699999001
2022-12-23 14:00:00,67269.68899997999
2022-12-23 15:00:00,68608.41799998
2022-12-23 16:00:00,69645.67399997001
2022-12-23 17:00:00,70632.20199998
2022-12-23 18:00:00,72973.01499997001
2022-12-23 19:00:00,76451.37599997
2022-12-23 20:00:00,76113.41699997999
2022-12-23 21:00:00,75219.76999998
2022-12-23 22:00:00,73228.18899999
2022-12-23 23:00:00,69984.23899999
2022-12-24 00:00:00,66259.54199997999
2022-12-24 01:00:00,62958.31499997
2022-12-24 02:00:00,60366.98599999
2022-12-24 03:00:00,58740.42699999
2022-12-24 04:00:00,57844.73599998
2022-12-24 05:00:00,55577.40399998
2022-12-24 06:00:00,53783.92999997
2022-12-24 07:00:00,53722.30699999
2022-12-24 08:00:00,54038.513
2022-12-24 09:00:00,54182.73499999
2022-12-24 10:00:00,54295.532999990006
2022-12-24 11:00:00,54893.40799997
2022-12-24 12:00:00,55396.66199998
2022-12-24 13:00:00,56571.880999960005
2022-12-24 14:00:00,58224.20899998
2022-12-24 15:00:00,60237.382
2022-12-24 16:00:00,63303.95499998
2022-12-24 17:00:00,67141.26099997
2022-12-24 18:00:00,72396.84299998
2022-12-24 19:00:00,77003.20799998
2022-12-24 20:00:00,73724.46499999
2022-12-24 21:00:00,67254.82799998
2022-12-24 22:00:00,62412.91999996999
2022-12-24 23:00:00,59703.54299999
2022-12-25 00:00:00,58154.43099998
2022-12-25 01:00:00,57611.08599998
2022-12-25 02:00:00,56756.82699999
2022-12-25 03:00:00,55652.565
2022-12-25 04:00:00,54748.69999998
2022-12-25 05:00:00,52102.63499997
2022-12-25 06:00:00,49850.59099997999
2022-12-25 07:00:00,48657.97199998
2022-12-25 08:00:00,47836.32199997
2022-12-25 09:00:00,47842.37799998
2022-12-25 10:00:00,48231.35999997999
2022-12-25 11:00:00,48736.45599998
2022-12-25 12:00:00,48399.46499999
2022-12-25 13:00:00,47585.31599998
2022-12-25 14:00:00,47907.887
2022-12-25 15:00:00,50324.98599998
2022-12-25 16:00:00,53413.72699998
2022-12-25 17:00:00,57378.031
2022-12-25 18:00:00,62643.83399998
2022-12-25 19:00:00,67623.20499998999
2022-12-25 20:00:00,68737.58099998001
2022-12-25 21:00:00,68343.85099998
2022-12-25 22:00:00,66964.18499996999
2022-12-25 23:00:00,64355.28999999
2022-12-26 00:00:00,61380.006
2022-12-26 01:00:00,58768.74999997
2022-12-26 02:00:00,57155.20299999
2022-12-26 03:00:00,56187.97199998
2022-12-26 04:00:00,56113.89699998
2022-12-26 05:00:00,55629.33399998
2022-12-26 06:00:00,56081.85299999
2022-12-26 07:00:00,58668.22599999
2022-12-26 08:00:00,61290.82499999
2022-12-26 09:00:00,62119.52099997
2022-12-26 10:00:00,62855.15199997999
2022-12-26 11:00:00,63480.51099998
2022-12-26 12:00:00,63251.01099999
2022-12-26 13:00:00,64784.95099997999
2022-12-26 14:00:00,66954.18299999
2022-12-26 15:00:00,68623.716
2022-12-26 16:00:00,70233.98699995999
2022-12-26 17:00:00,70518.87999999
2022-12-26 18:00:00,72345.62899999
2022-12-26 19:00:00,75977.09299998
2022-12-26 20:00:00,76259.93599997999
2022-12-26 21:00:00,75538.45299999
2022-12-26 22:00:00,73139.58299998
2022-12-26 23:00:00,69515.73199998
2022-12-27 00:00:00,65551.856
2022-12-27 01:00:00,62861.24699999
2022-12-27 02:00:00,61090.07599999
2022-12-27 03:00:00,60002.84299998
2022-12-27 04:00:00,59720.11799997
2022-12-27 05:00:00,58825.71299998
2022-12-27 06:00:00,58962.76499999
2022-12-27 07:00:00,61161.43899999
2022-12-27 08:00:00,63435.24499997
2022-12-27 09:00:00,64080.546
2022-12-27 10:00:00,64571.23599998
2022-12-27 11:00:00,65330.21299999
2022-12-27 12:00:00,65118.70699997
2022-12-27 13:00:00,67129.51799999
2022-12-27 14:00:00,69843.29599999
2022-12-27 15:00:00,71852.65099999
2022-12-27 16:00:00,73434.23899998999
2022-12-27 17:00:00,73088.97899997
2022-12-27 18:00:00,74245.77399998
2022-12-27 19:00:00,78281.87899999
2022-12-27 20:00:00,78229.86799999
2022-12-27 21:00:00,77393.23699998
2022-12-27 22:00:00,74843.89699998
2022-12-27 23:00:00,70974.83199998
2022-12-28 00:00:00,67042.30099998
2022-12-28 01:00:00,63931.44999999
2022-12-28 02:00:00,61924.82299999
2022-12-28 03:00:00,60838.08
2022-12-28 04:00:00,60485.836999980005
2022-12-28 05:00:00,59953.62399999
2022-12-28 06:00:00,60079.18999998
2022-12-28 07:00:00,62451.10799998
2022-12-28 08:00:00,64678.837999970005
2022-12-28 09:00:00,65132.45099999
2022-12-28 10:00:00,65417.49799998
2022-12-28 11:00:00,65233.93899997001
2022-12-28 12:00:00,64143.76099999
2022-12-28 13:00:00,65358.18399997
2022-12-28 14:00:00,67770.82599998
2022-12-28 15:00:00,69578.09899999
2022-12-28 16:00:00,71240.55799998
2022-12-28 17:00:00,71986.35499998
2022-12-28 18:00:00,73907.74999999
2022-12-28 19:00:00,77754.83999997
2022-12-28 20:00:00,77686.43599999
2022-12-28 21:00:00,76472.422
2022-12-28 22:00:00,73963.95399996999
2022-12-28 23:00:00,70393.52699998001
2022-12-29 00:00:00,66263.43099998
2022-12-29 01:00:00,63377.44299998
2022-12-29 02:00:00,61377.124999980006
2022-12-29 03:00:00,60176.23899999
2022-12-29 04:00:00,59712.54499999
2022-12-29 05:00:00,59006.30199999
2022-12-29 06:00:00,59051.84899999
2022-12-29 07:00:00,60915.27399998
2022-12-29 08:00:00,62935.03199998
2022-12-29 09:00:00,63292.26999999
2022-12-29 10:00:00,63308.692999980005
2022-12-29 11:00:00,63026.87399999
2022-12-29 12:00:00,62494.10299999
2022-12-29 13:00:00,64298.02399999
2022-12-29 14:00:00,66543.738
2022-12-29 15:00:00,68735.91499998
2022-12-29 16:00:00,70966.91599996999
2022-12-29 17:00:00,71317.82799998
2022-12-29 18:00:00,73377.23599998
2022-12-29 19:00:00,77125.24299999
2022-12-29 20:00:00,77341.85399998
2022-12-29 21:00:00,76638.056
2022-12-29 22:00:00,74564.42899999
2022-12-29 23:00:00,71233.17299999
2022-12-30 00:00:00,67313.28299996999
2022-12-30 01:00:00,64095.92999998
2022-12-30 02:00:00,61914.55499998
2022-12-30 03:00:00,60760.75899998001
2022-12-30 04:00:00,60271.11299998999
2022-12-30 05:00:00,58939.587
2022-12-30 06:00:00,58352.20499997999
2022-12-30 07:00:00,59493.12699997
2022-12-30 08:00:00,61148.69199998
2022-12-30 09:00:00,61335.56599998
2022-12-30 10:00:00,61622.63299997
2022-12-30 11:00:00,61638.83699998
2022-12-30 12:00:00,61085.94399998
2022-12-30 13:00:00,62840.81899997
2022-12-30 14:00:00,64627.34599999001
2022-12-30 15:00:00,66401.56999998
2022-12-30 16:00:00,68163.46899999
2022-12-30 17:00:00,69309.94099997
2022-12-30 18:00:00,71780.95899998999
2022-12-30 19:00:00,75331.04699999
2022-12-30 20:00:00,75468.32399997
2022-12-30 21:00:00,74553.228
2022-12-30 22:00:00,72604.38799998
2022-12-30 23:00:00,69570.12399998
2022-12-31 00:00:00,66109.23199997
2022-12-31 01:00:00,62997.24099997
2022-12-31 02:00:00,60794.74099999
2022-12-31 03:00:00,59325.66299998
2022-12-31 04:00:00,58462.97599997999
2022-12-31 05:00:00,56191.32999999
2022-12-31 06:00:00,54074.47699997
2022-12-31 07:00:00,53901.06399998
2022-12-31 08:00:00,53797.420999990005
2022-12-31 09:00:00,53892.56299998
2022-12-31 10:00:00,53951.342
2022-12-31 11:00:00,54462.27599998
2022-12-31 12:00:00,54958.10799999
2022-12-31 13:00:00,56005.10999999
2022-12-31 14:00:00,57416.20099999
2022-12-31 15:00:00,59369.56299998
2022-12-31 16:00:00,62510.462999990006
2022-12-31 17:00:00,66048.47699998
2022-12-31 18:00:00,71081.105
2022-12-31 19:00:00,77128.02899999
2022-12-31 20:00:00,75825.34399997
2022-12-31 21:00:00,69894.95499998001
2022-12-31 22:00:00,64612.35499997
2022-12-31 23:00:00,61215.37599997
2023-01-01 00:00:00,58900.64299999
